extension,Size received [KB]
None,308520.1943359375
js,5885.669921875
pbf,1390.4755859375
png,96.2001953125
gif,38.5
ico,33.685546875
css,30.703125
json,16.7744140625
